[
  {
    "service": "ccgf-configuration-manager",
    "version": {
      "helm": "0.2.41",
      "service": "3.6.0.227"
    },
    "nofireforget": true
  },
  {
    "service": "ccgf-tenant-management",
    "version": {
      "helm": "0.2.36",
      "service": "1.8.0.124"
    },
    "nofireforget": true
  },
  {
    "component": "ccgf-cloudshell",
    "version": {
      "service": "1.2.0.4"
    }
  },
  {
    "component": "cai",
    "version": {
      "service": "1.1.0.14"
    }
  },
  {
    "component": "saas",
    "version": {
      "service": "1.0.0.0"
    }
  },
  {
    "component": "kms",
    "version": {
      "service": "1.0.0.0"
    }
  },
  {
    "component": "cci",
    "version": {
      "service": "1.0.0.0"
    }
  },
  {
    "component": "scheduler",
    "version": {
      "service": "1.0.0.0"
    },
    "nofireforget": true
  },
  {
    "service": "ccgf-orchestration-management-plane",
    "version": {
      "helm": "0.2.14",
      "service": "1.0.0.4"
    }
  },
  {
    "service": "ccgf-data-source-management-plane",
    "version": {
      "helm": "0.2.14",
      "service": "1.0.0.5"
    }
  },
  {
    "service": "ccgf-discovery-management-plane",
    "version": {
      "helm": "0.2.15",
      "service": "1.1.0.31"
    }
  },
  {
    "service": "ccgf-job-management-plane",
    "version": {
      "helm": "0.2.18",
      "service": "1.2.0.9"
    }
  },
  {
    "service": "ccgf-issue-management-plane",
    "version": {
      "helm": "0.2.15",
      "service": "1.0.0.12"
    }
  },
  {
    "service": "ccgf-notification-management-plane",
    "version": {
      "helm": "0.2.16",
      "service": "1.0.0.8"
    }
  },
  {
    "service": "ccgf-oi-notification-management-plane",
    "version": {
      "helm": "0.2.23",
      "service": "1.0.0.27"
    },
    "nofireforget": true
  },
  {
    "service": "ccgf-audit",
    "version": {
      "helm": "0.2.35",
      "service": "1.0.0.50"
    }
  },
  {
    "service": "ccgf-authorization",
    "version": {
      "helm": "0.2.36",
      "service": "1.0.0.33"
    }
  },
  {
    "service": "ccgf-cdlg-app",
    "version": {
      "helm": "0.2.37",
      "service": "1.1.0.863"
    }
  },
  {
    "service": "ccgf-connection-management",
    "version": {
      "helm": "0.2.16",
      "service": "1.1.0.37"
    }
  },
  {
    "service": "ccgf-content",
    "version": {
      "helm": "0.2.37",
      "service": "1.2.0.124"
    }
  },
  {
    "service": "ccgf-data-source-management",
    "version": {
      "helm": "0.2.16",
      "service": "1.6.0.60"
    }
  },

  {
    "service": "ccgf-discovery",
    "version": {
      "helm": "0.2.32",
      "service": "1.0.0.21"
    }
  },
  {
    "service": "ccgf-discovery-admin",
    "version": {
      "helm": "0.2.33",
      "service": "1.13.0.59"
    }
  },
  {
    "service": "ccgf-ingestion",
    "version": {
      "helm": "0.2.37",
      "service": "1.2.0.202"
    }
  },
  {
    "service": "ccgf-issue-management",
    "version": {
      "helm": "0.2.34",
      "service": "1.8.0.73"
    }
  },
  {
    "service": "ccgf-job-management",
    "version": {
      "helm": "0.2.33",
      "service": "1.4.4.141"
    }
  },
  {
    "service": "ccgf-logger",
    "version": {
      "helm": "0.2.36",
      "service": "1.1.0.175"
    }
  },
  {
    "service": "ccgf-management-plane",
    "version": {
      "helm": "0.2.34",
      "service": "1.0.0.88"
    }
  },
  {
    "service": "ccgf-metadata-platform-admin-ui-app",
    "version": {
      "helm": "0.2.36",
      "service": "1.0.0.145"
    }
  },
  {
    "service": "ccgf-metadata-transfer",
    "version": {
      "helm": "0.2.1",
      "service": "1.1.0.13"
    }
  },
  {
    "service": "ccgf-mgmt-plane-ui-app",
    "version": {
      "helm": "0.2.36",
      "service": "1.1.0.125"
    }
  },
  {
    "service": "ccgf-notification",
    "version": {
      "helm": "0.2.34",
      "service": "1.0.0.30"
    }
  },
  {
    "service": "ccgf-oi-notification",
    "version": {
      "helm": "0.2.36",
      "service": "1.1.0.86"
    }
  },
  {
    "service": "ccgf-orchestration-dispatcher",
    "version": {
      "helm": "0.2.23",
      "service": "1.0.0.36"
    }
  },
  {
    "service": "ccgf-orchestration-lifecycle-manager",
    "version": {
      "helm": "0.2.16",
      "service": "1.0.0.35"
    }
  },
  {
    "service": "ccgf-orchestration-management-api-server",
    "version": {
      "helm": "0.2.22",
      "service": "1.6.0.41"
    }
  },
  {
    "service": "ccgf-relationship",
    "version": {
      "helm": "0.2.33",
      "service": "2.0.9.104"
    }
  },
  {
    "service": "ccgf-search",
    "version": {
      "helm": "0.2.33",
      "service": "1.4.0.230"
    }
  },
  {
    "service": "ccgf-self-registration-tenant-ui-app",
    "version": {
      "helm": "0.2.33",
      "service": "0.1.0.16"
    }
  },
  {
    "service": "ccgf-upload",
    "version": {
      "helm": "0.2.33",
      "service": "1.1.0.42"
    }
  }







]
