[
  {
    "deploy": "cms",
    "nofireforget": true,
    "service": "ccgf-configuration-manager",
    "version": {
      "helm": "0.2.54",
      "service": "3.12.0.261"
    }
  },
  {
    "deploy": "tms",
    "nofireforget": true,
    "service": "ccgf-tenant-management",
    "version": {
      "helm": "0.2.49",
      "service": "1.9.0.131"
    }
  },
  {
    "deploy": "db-rps",
    "service": "ccgf-database-provision",
    "version": {
      "helm": "0.2.52",
      "service": "1.0.0.53"
    }
  },
  {
    "deploy": "es-rps",
    "service": "ccgf-search-provision",
    "version": {
      "helm": "0.2.31",
      "service": "1.0.0.84"
    }
  },
  {
    "deploy": "ccgf-auth-mps",
    "service": "ccgf-auth-management-plane",
    "version": {
      "helm": "0.2.14",
      "service": "1.1.0.12"
    }
  },
  {
    "deploy": "ccgf-model-mps",
    "service": "ccgf-management-plane",
    "version": {
      "helm": "0.2.47",
      "service": "1.0.0.94"
    }
  },
  {
    "deploy": "oi-notification-mps",
    "service": "ccgf-oi-notification-management-plane",
    "version": {
      "helm": "0.2.36",
      "service": "1.0.0.36"
    }
  },
  {
    "deploy": "ccgf-orchestration-management-plane",
    "service": "ccgf-orchestration-management-plane",
    "version": {
      "helm": "0.2.27",
      "service": "1.0.0.6"
    }
  },
  {
    "deploy": "ccgf-audit",
    "service": "ccgf-audit",
    "version": {
      "helm": "0.2.49",
      "service": "1.1.0.68"
    }
  },
  {
    "deploy": "ccgf-audit-processor",
    "service": "ccgf-audit-processor",
    "version": {
      "helm": "0.2.31",
      "service": "1.5.0.33"
    }
  },
  {
    "deploy": "ccgf-auth-mps",
    "service": "ccgf-auth-management-plane",
    "version": {
      "helm": "0.2.14",
      "service": "1.1.0.12"
    }
  },
  {
    "deploy": "ccgf-auth-pap",
    "service": "ccgf-auth-pap",
    "version": {
      "helm": "0.2.15",
      "service": "1.6.0.29"
    }
  },
  {
    "deploy": "ccgf-auth-pdp",
    "service": "ccgf-auth-pdp",
    "version": {
      "helm": "0.2.15",
      "service": "1.1.0.14"
    }
  },
  {
    "deploy": "ccgf-auth-pep",
    "service": "ccgf-auth-pep",
    "version": {
      "helm": "0.2.8",
      "service": "1.0.0.13"
    }
  },
  {
    "deploy": "ccgf-authorization",
    "service": "ccgf-authorization",
    "version": {
      "helm": "0.2.49",
      "service": "1.0.0.39"
    }
  },
  {
    "deploy": "cdlg-app",
    "service": "ccgf-cdlg-app",
    "version": {
      "helm": "0.2.49",
      "service": "1.1.0.1007"
    }
  },
  {
    "deploy": "ccgf-cloud-deployment-validator",
    "service": "ccgf-cloud-deployment-validator",
    "version": {
      "helm": "0.2.20",
      "service": "1.6.0.70"
    }
  },
  {
    "deploy": "ccgf-connection-management",
    "service": "ccgf-connection-management",
    "version": {
      "helm": "0.2.29",
      "service": "1.1.0.44"
    }
  },
  {
    "deploy": "ccgf-content",
    "service": "ccgf-content",
    "version": {
      "helm": "0.2.51",
      "service": "1.2.0.133"
    }
  },
  {
    "deploy": "ccgf-data-source-management",
    "service": "ccgf-data-source-management",
    "version": {
      "helm": "0.2.27",
      "service": "1.6.0.76"
    }
  },
  {
    "deploy": "ccgf-discovery",
    "service": "ccgf-discovery",
    "version": {
      "helm": "0.2.46",
      "service": "1.1.0.30"
    }
  },
  {
    "deploy": "ccgf-discovery-classification",
    "service": "ccgf-discovery-classification",
    "version": {
      "helm": "0.2.15",
      "service": "1.0.0.53"
    }
  },
  {
    "deploy": "ccgf-discovery-sync",
    "service": "ccgf-discovery-sync",
    "version": {
      "helm": "0.2.14",
      "service": "1.1.0.50"
    }
  },
  {
    "deploy": "iics-test",
    "service": "ccgf-iics-test",
    "version": {
      "helm": "0.2.29",
      "service": "1.0.0.20"
    }
  },
  {
    "deploy": "ccgf-ingestion-jobhandler",
    "service": "ccgf-ingestion-jobhandler",
    "version": {
      "helm": "0.2.8",
      "service": "1.0.0.6"
    }
  },
  {
    "deploy": "ccgf-issue-management",
    "service": "ccgf-issue-management",
    "version": {
      "helm": "0.2.47",
      "service": "1.9.0.96"
    }
  },
  {
    "deploy": "logger",
    "service": "ccgf-logger",
    "version": {
      "helm": "0.2.49",
      "service": "1.1.0.178"
    }
  },
  {
    "deploy": "ccgf-model-mps",
    "service": "ccgf-management-plane",
    "version": {
      "helm": "0.2.47",
      "service": "1.0.0.94"
    }
  },
  {
    "deploy": "mcp-app",
    "service": "ccgf-metadata-platform-admin-ui-app",
    "version": {
      "helm": "0.2.48",
      "service": "1.0.0.205"
    }
  },
  {
    "deploy": "metadata-transfer",
    "service": "ccgf-metadata-transfer",
    "version": {
      "helm": "0.2.14",
      "service": "1.1.0.22"
    }
  },
  {
    "deploy": "mgmt-app",
    "service": "ccgf-mgmt-plane-ui-app",
    "version": {
      "helm": "0.2.48",
      "service": "1.1.0.143"
    }
  },
  {
    "deploy": "ccgf-model",
    "service": "ccgf-model",
    "version": {
      "helm": "0.2.48",
      "service": "1.13.0.341"
    }
  },
  {
    "deploy": "ccgf-notification-processor",
    "service": "ccgf-notification-processor",
    "version": {
      "helm": "0.2.31",
      "service": "1.3.0.30"
    }
  },
  {
    "deploy": "oi-notification-mps",
    "service": "ccgf-oi-notification-management-plane",
    "version": {
      "helm": "0.2.36",
      "service": "1.0.0.36"
    }
  },
  {
    "deploy": "ccgf-orchestration-dispatcher",
    "service": "ccgf-orchestration-dispatcher",
    "version": {
      "helm": "0.2.36",
      "service": "1.0.0.44"
    }
  },
  {
    "deploy": "ccgf-orchestration-lifecycle-manager",
    "service": "ccgf-orchestration-lifecycle-manager",
    "version": {
      "helm": "0.2.29",
      "service": "1.0.0.41"
    }
  },
  {
    "deploy": "ccgf-orchestration-management-plane",
    "service": "ccgf-orchestration-management-plane",
    "version": {
      "helm": "0.2.27",
      "service": "1.0.0.6"
    }
  },
  {
    "deploy": "ccgf-search",
    "service": "ccgf-search",
    "version": {
      "helm": "0.2.47",
      "service": "1.5.0.257"
    }
  },
  {
    "deploy": "ccgf-upload",
    "service": "ccgf-upload",
    "version": {
      "helm": "0.2.47",
      "service": "1.1.0.47"
    }
  },
  {
    "deploy": "cdmp-marketplace",
    "service": "cdmp-marketplace",
    "version": {
      "helm": "0.2.28",
      "service": "1.0.0.22"
    }
  },
  {
    "deploy": "cdmp-ui-app",
    "service": "cdmp-ui-app",
    "version": {
      "helm": "0.2.29",
      "service": "1.0.0.12"
    }
  },
  {
    "deploy": "cdq-recommendation",
    "service": "cdq-recommendation",
    "version": {
      "helm": "0.2.14",
      "service": "1.0.0.20"
    }
  }
]
