[
    {
    "deploy": "ccgf-connection-management",
    "service": "ccgf-connection-management",
    "version": {
      "helm": "0.2.39",
      "service": "1.1.0.47"
    }
  },
  
  {
    "deploy": "ccgf-discovery-admin",
    "service": "ccgf-discovery-admin",
    "version": {
      "helm": "0.2.57",
      "service": "2.0.0.116"
    }
  },
  {
    "deploy": "ccgf-discovery-classification-job",
    "service": "ccgf-discovery-classification-job",
    "version": {
      "helm": "0.2.26",
      "service": "N/A"
    }
  },
  {
    "deploy": "ccgf-discovery-sync",
    "service": "ccgf-discovery-sync",
    "version": {
      "helm": "0.2.25",
      "service": "1.1.0.63"
    }
  },
 
  {
    "deploy": "logger",
    "service": "ccgf-logger",
    "version": {
      "helm": "0.2.59",
      "service": "1.1.0.5"
    }
  },
  {
    "deploy": "ccgf-merge-processor",
    "service": "ccgf-merge-processor",
    "version": {
      "helm": "0.2.6",
      "service": "1.0.0.5"
    }
  },
  
  
  {
    "deploy": "ccgf-model",
    "service": "ccgf-model",
    "version": {
      "helm": "0.2.59",
      "service": "1.15.0.398"
    }
  },
 
  {
    "deploy": "ccgf-orchestration-dispatcher",
    "service": "ccgf-orchestration-dispatcher",
    "version": {
      "helm": "0.2.46",
      "service": "1.0.0.47"
    }
  },
  {
    "deploy": "ccgf-orchestration-lifecycle-manager",
    "service": "ccgf-orchestration-lifecycle-manager",
    "version": {
      "helm": "0.2.39",
      "service": "1.0.0.47"
    }
  },
  {
    "deploy": "ccgf-orchestration-management-api-server",
    "service": "ccgf-orchestration-management-api-server",
    "version": {
      "helm": "0.2.45",
      "service": "1.6.0.64"
    }
  }
]
