[
  {
    "deploy": "cms",
    "nofireforget": true,
    "service": "ccgf-configuration-manager",
    "version": {
      "helm": "0.2.58",
      "service": "3.13.0.279"
    }
  },
  {
    "deploy": "tms",
    "nofireforget": true,
    "service": "ccgf-tenant-management",
    "version": {
      "helm": "0.2.53",
      "service": "1.10.0.148"
    }
  },
  {
    "deploy": "k8s",
    "service": "ccgf-kubernetes-discovery",
    "version": {
      "helm": "0.2.56",
      "service": "1.0.0.55"
    }
  },
  {
    "deploy": "cache-rps",
    "service": "ccgf-cache-provision",
    "version": {
      "helm": "0.2.34",
      "service": "1.0.0.16"
    }
  },
  {
    "deploy": "db-rps",
    "service": "ccgf-database-provision",
    "version": {
      "helm": "0.2.56",
      "service": "1.0.0.66"
    }
  },
  {
    "deploy": "mq-rps",
    "service": "ccgf-messaging-provision",
    "version": {
      "helm": "0.2.51",
      "service": "2.0.1.42"
    }
  },
  {
    "deploy": "es-rps",
    "service": "ccgf-search-provision",
    "version": {
      "helm": "0.2.35",
      "service": "1.0.0.90"
    }
  },
  {
    "deploy": "ccgf-auth-mps",
    "service": "ccgf-auth-management-plane",
    "version": {
      "helm": "0.2.18",
      "service": "1.1.0.12"
    }
  },
  {
    "deploy": "ccgf-model-mps",
    "service": "ccgf-management-plane",
    "version": {
      "helm": "0.2.51",
      "service": "1.0.0.94"
    }
  },
  {
    "deploy": "oi-notification-mps",
    "service": "ccgf-oi-notification-management-plane",
    "version": {
      "helm": "0.2.40",
      "service": "1.0.0.36"
    }
  },
  {
    "deploy": "ccgf-user-preferences-management-plane",
    "service": "ccgf-user-preferences-management-plane",
    "version": {
      "helm": "0.2.2",
      "service": "1.0.0.12"
    }
  },
  {
    "deploy": "ccgf-audit",
    "service": "ccgf-audit",
    "version": {
      "helm": "0.2.53",
      "service": "1.4.0.75"
    }
  },
  {
    "deploy": "ccgf-audit-processor",
    "service": "ccgf-audit-processor",
    "version": {
      "helm": "0.2.35",
      "service": "1.5.0.33"
    }
  },
  {
    "deploy": "ccgf-auth-mps",
    "service": "ccgf-auth-management-plane",
    "version": {
      "helm": "0.2.18",
      "service": "1.1.0.12"
    }
  },
  {
    "deploy": "ccgf-authorization",
    "service": "ccgf-authorization",
    "version": {
      "helm": "0.2.53",
      "service": "1.0.0.39"
    }
  },
  {
    "deploy": "ccgf-auth-pap",
    "service": "ccgf-auth-pap",
    "version": {
      "helm": "0.2.19",
      "service": "1.6.0.37"
    }
  },
  {
    "deploy": "ccgf-auth-pdp",
    "service": "ccgf-auth-pdp",
    "version": {
      "helm": "0.2.19",
      "service": "1.1.0.24"
    }
  },
  {
    "deploy": "ccgf-auth-pep",
    "service": "ccgf-auth-pep",
    "version": {
      "helm": "0.2.12",
      "service": "1.0.0.25"
    }
  },
  {
    "deploy": "ccgf-bulkfile-processor",
    "service": "ccgf-bulkfile-processor",
    "version": {
      "helm": "0.2.51",
      "service": "1.3.0.93"
    }
  },
  {
    "deploy": "cdlg-app",
    "service": "ccgf-cdlg-app",
    "version": {
      "helm": "0.2.53",
      "service": "1.1.0.1131"
    }
  },
  {
    "deploy": "ccgf-cloud-deployment-validator",
    "service": "ccgf-cloud-deployment-validator",
    "version": {
      "helm": "0.2.24",
      "service": "1.6.0.133"
    }
  },
  {
    "deploy": "ccgf-connection-management",
    "service": "ccgf-connection-management",
    "version": {
      "helm": "0.2.33",
      "service": "1.1.0.47"
    }
  },
  {
    "deploy": "ccgf-data-source-management",
    "service": "ccgf-data-source-management",
    "version": {
      "helm": "0.2.31",
      "service": "1.6.0.83"
    }
  },
  {
    "deploy": "ccgf-discovery",
    "service": "ccgf-discovery",
    "version": {
      "helm": "0.2.50",
      "service": "1.1.0.30"
    }
  },
  {
    "deploy": "ccgf-discovery-classification-job",
    "service": "ccgf-discovery-classification-job",
    "version": {
      "helm": "0.2.19",
      "service": "N/A"
    }
  },
  {
    "deploy": "ccgf-excel-preprocessor",
    "service": "ccgf-excel-preprocessor",
    "version": {
      "helm": "0.2.51",
      "service": "1.0.0.20"
    }
  },
  {
    "deploy": "iics-test",
    "service": "ccgf-iics-test",
    "version": {
      "helm": "0.2.33",
      "service": "1.0.0.20"
    }
  },
  {
    "deploy": "ccgf-ingestion-jobhandler",
    "service": "ccgf-ingestion-jobhandler",
    "version": {
      "helm": "0.2.13",
      "service": "1.0.0.6"
    }
  },
  {
    "deploy": "ccgf-ingestion-processor",
    "service": "ccgf-ingestion-processor",
    "version": {
      "helm": "0.2.51",
      "service": "1.3.0.110"
    }
  },
  {
    "deploy": "ccgf-issue-management",
    "service": "ccgf-issue-management",
    "version": {
      "helm": "0.2.51",
      "service": "1.11.0.121"
    }
  },
  {
    "deploy": "ccgf-job-management",
    "service": "ccgf-job-management",
    "version": {
      "helm": "0.2.51",
      "service": "1.6.0.154"
    }
  },
  {
    "deploy": "ccgf-model-mps",
    "service": "ccgf-management-plane",
    "version": {
      "helm": "0.2.51",
      "service": "1.0.0.94"
    }
  },
  {
    "deploy": "ccgf-marketplace",
    "service": "ccgf-marketplace",
    "version": {
      "helm": "0.2.51",
      "service": "N/A"
    }
  },
  {
    "deploy": "mcp-app",
    "service": "ccgf-metadata-platform-admin-ui-app",
    "version": {
      "helm": "0.2.52",
      "service": "1.0.0.254"
    }
  },
  {
    "deploy": "mgmt-app",
    "service": "ccgf-mgmt-plane-ui-app",
    "version": {
      "helm": "0.2.52",
      "service": "1.1.0.175"
    }
  },
  {
    "deploy": "ccgf-model",
    "service": "ccgf-model",
    "version": {
      "helm": "0.2.52",
      "service": "1.15.0.385"
    }
  },
  {
    "deploy": "ccgf-notification-processor",
    "service": "ccgf-notification-processor",
    "version": {
      "helm": "0.2.36",
      "service": "1.4.0.45"
    }
  },
  {
    "deploy": "oi-notification",
    "service": "ccgf-oi-notification",
    "version": {
      "helm": "0.2.56",
      "service": "2.0.0.95"
    }
  },
  {
    "deploy": "ccgf-oi-notification-digest",
    "service": "ccgf-oi-notification-digest",
    "version": {
      "helm": "0.2.1",
      "service": "1.0.0.10"
    }
  },
  {
    "deploy": "oi-notification-mps",
    "service": "ccgf-oi-notification-management-plane",
    "version": {
      "helm": "0.2.40",
      "service": "1.0.0.36"
    }
  },
  {
    "deploy": "ccgf-orchestration-dispatcher",
    "service": "ccgf-orchestration-dispatcher",
    "version": {
      "helm": "0.2.40",
      "service": "1.0.0.47"
    }
  },
  {
    "deploy": "ccgf-orchestration-lifecycle-manager",
    "service": "ccgf-orchestration-lifecycle-manager",
    "version": {
      "helm": "0.2.33",
      "service": "1.0.0.47"
    }
  },
  {
    "deploy": "ccgf-orchestration-management-api-server",
    "service": "ccgf-orchestration-management-api-server",
    "version": {
      "helm": "0.2.39",
      "service": "1.6.0.62"
    }
  },
  {
    "deploy": "ccgf-search",
    "service": "ccgf-search",
    "version": {
      "helm": "0.2.51",
      "service": "1.5.0.272"
    }
  },
  {
    "deploy": "ccgf-upload",
    "service": "ccgf-upload",
    "version": {
      "helm": "0.2.51",
      "service": "1.1.0.50"
    }
  },
  {
    "deploy": "ccgf-user-preferences",
    "service": "ccgf-user-preferences",
    "version": {
      "helm": "0.2.1",
      "service": "1.0.0.6"
    }
  },
  {
    "deploy": "ccgf-user-preferences-management-plane",
    "service": "ccgf-user-preferences-management-plane",
    "version": {
      "helm": "0.2.2",
      "service": "1.0.0.12"
    }
  },
  {
    "deploy": "cdmp-marketplace",
    "service": "cdmp-marketplace",
    "version": {
      "helm": "0.2.32",
      "service": "1.0.0.22"
    }
  },
  {
    "deploy": "cdmp-ui-app",
    "service": "cdmp-ui-app",
    "version": {
      "helm": "0.2.33",
      "service": "1.0.0.12"
    }
  },
  {
    "deploy": "cdq-recommendation",
    "service": "cdq-recommendation",
    "version": {
      "helm": "0.2.18",
      "service": "1.0.0.20"
    }
  }
]
